metric,value
desktop_rate,0.39976415094339623
mobile_rate,0.39591165413533835
difference,-0.0038524968080578814
p_value,0.7168290749234464
